{
  "driver_id": "default",
  "ear_mean": 0.3848528481097798,
  "ear_std": 0.0651788751758007,
  "ear_closed_threshold": 0.2544950977581784,
  "blink_rate": 1,
  "blink_duration": 0.3,
  "mar_mean": 0.2323108769587915,
  "mar_std": 0.1155344330580222,
  "mar_yawn_threshold": 0.5211469596038469,
  "yaw_center": 82.09195733031503,
  "yaw_std": 100.92651685318289,
  "pitch_center": -4.64678403868767,
  "pitch_std": 8.524521233227535,
  "roll_center": 5.36460739521577,
  "roll_std": 5.420474220246877,
  "head_yaw_threshold": 30,
  "head_pitch_threshold": 25,
  "is_calibrated": true,
  "calibration_date": "2026-03-12T23:49:04.774834"
}